case_a,case_b,patient_a,patient_b,similarity,same_patient,same_file,subset_a,subset_b,dataset_a,dataset_b
BraTS-MEN-RT-0374-1,BraTS-MEN-RT-0258-1,men-0374,men-0258,1.0,False,False,train,train,men_rt,men_rt
BraTS-MEN-RT-0615-1,BraTS-MEN-RT-0229-1,men-0615,men-0229,1.0,False,False,train,train,men_rt,men_rt
BraTS-MEN-RT-0134-1,BraTS-MEN-RT-0603-1,men-0134,men-0603,1.0,False,False,train,train,men_rt,men_rt
BraTS-GLI-02193-103,BraTS-GLI-02193-100,gli-02193,gli-02193,0.99835,True,False,train,train,gli,gli
BraTS-GLI-03022-100,BraTS-GLI-03022-101,gli-03022,gli-03022,0.99669,True,False,train,train,gli,gli
BraTS-GLI-02878-100,BraTS-GLI-02878-101,gli-02878,gli-02878,0.99646,True,False,train,train,gli,gli
BraTS-GLI-00033-100,BraTS-GLI-00033-101,gli-00033,gli-00033,0.99612,True,False,train,train,gli,gli
BraTS-GLI-02947-101,BraTS-GLI-02947-100,gli-02947,gli-02947,0.99606,True,False,train,train,gli,gli
BraTS-GLI-02855-100,BraTS-GLI-02855-101,gli-02855,gli-02855,0.99603,True,False,train,train,gli,gli
BraTS-GLI-02965-100,BraTS-GLI-02965-101,gli-02965,gli-02965,0.99586,True,False,train,train,gli,gli
BraTS-GLI-02193-101,BraTS-GLI-02193-100,gli-02193,gli-02193,0.99571,True,False,train,train,gli,gli
BraTS-GLI-02937-100,BraTS-GLI-02937-101,gli-02937,gli-02937,0.99568,True,False,train,train,gli,gli
BraTS-GLI-02788-100,BraTS-GLI-02788-101,gli-02788,gli-02788,0.99558,True,False,train,train,gli,gli
BraTS-GLI-03010-101,BraTS-GLI-03010-100,gli-03010,gli-03010,0.99555,True,False,train,train,gli,gli
BraTS-GLI-00008-102,BraTS-GLI-00008-103,gli-00008,gli-00008,0.99541,True,False,train,train,gli,gli
BraTS-GLI-02193-101,BraTS-GLI-02193-103,gli-02193,gli-02193,0.99535,True,False,train,train,gli,gli
BraTS-GLI-02957-100,BraTS-GLI-02957-101,gli-02957,gli-02957,0.99535,True,False,train,train,gli,gli
BraTS-GLI-03031-100,BraTS-GLI-03031-101,gli-03031,gli-03031,0.99494,True,False,train,train,gli,gli
BraTS-GLI-00085-100,BraTS-GLI-00085-101,gli-00085,gli-00085,0.99482,True,False,train,train,gli,gli
BraTS-GLI-02775-101,BraTS-GLI-02775-100,gli-02775,gli-02775,0.99473,True,False,train,train,gli,gli
BraTS-GLI-02828-100,BraTS-GLI-02828-101,gli-02828,gli-02828,0.99446,True,False,train,train,gli,gli
BraTS-GLI-02105-101,BraTS-GLI-02105-103,gli-02105,gli-02105,0.9944,True,False,train,train,gli,gli
BraTS-GLI-02764-100,BraTS-GLI-02764-101,gli-02764,gli-02764,0.99433,True,False,train,train,gli,gli
BraTS-GLI-02882-100,BraTS-GLI-02882-101,gli-02882,gli-02882,0.99411,True,False,train,train,gli,gli
BraTS-GLI-02740-101,BraTS-GLI-02740-100,gli-02740,gli-02740,0.99399,True,False,train,train,gli,gli
BraTS-GLI-02763-101,BraTS-GLI-02763-100,gli-02763,gli-02763,0.99396,True,False,train,train,gli,gli
BraTS-GLI-02901-101,BraTS-GLI-02901-100,gli-02901,gli-02901,0.99393,True,False,train,train,gli,gli
BraTS-GLI-02830-100,BraTS-GLI-02830-101,gli-02830,gli-02830,0.99385,True,False,train,train,gli,gli
BraTS-GLI-02869-100,BraTS-GLI-02869-101,gli-02869,gli-02869,0.9938,True,False,train,train,gli,gli
BraTS-GLI-02779-100,BraTS-GLI-02779-101,gli-02779,gli-02779,0.99368,True,False,train,train,gli,gli
BraTS-GLI-02206-103,BraTS-GLI-02206-102,gli-02206,gli-02206,0.99367,True,False,train,train,gli,gli
BraTS-GLI-02871-101,BraTS-GLI-02871-100,gli-02871,gli-02871,0.99364,True,False,train,train,gli,gli
BraTS-GLI-02780-100,BraTS-GLI-02780-101,gli-02780,gli-02780,0.99364,True,False,train,train,gli,gli
BraTS-GLI-03001-101,BraTS-GLI-03001-100,gli-03001,gli-03001,0.99347,True,False,train,train,gli,gli
BraTS-GLI-02938-100,BraTS-GLI-02938-101,gli-02938,gli-02938,0.99347,True,False,train,train,gli,gli
BraTS-GLI-02787-101,BraTS-GLI-02787-100,gli-02787,gli-02787,0.99345,True,False,train,train,gli,gli
BraTS-GLI-00511-100,BraTS-GLI-00511-101,gli-00511,gli-00511,0.99343,True,False,train,train,gli,gli
BraTS-GLI-00543-100,BraTS-GLI-00543-101,gli-00543,gli-00543,0.99334,True,False,train,train,gli,gli
BraTS-GLI-02820-100,BraTS-GLI-02820-101,gli-02820,gli-02820,0.99326,True,False,train,train,gli,gli
BraTS-GLI-02948-100,BraTS-GLI-02948-101,gli-02948,gli-02948,0.99323,True,False,train,train,gli,gli
BraTS-GLI-02847-100,BraTS-GLI-02847-101,gli-02847,gli-02847,0.99294,True,False,train,train,gli,gli
BraTS-GLI-02875-100,BraTS-GLI-02875-101,gli-02875,gli-02875,0.99287,True,False,train,train,gli,gli
BraTS-GLI-00472-100,BraTS-GLI-00472-101,gli-00472,gli-00472,0.9928,True,False,train,train,gli,gli
BraTS-GLI-02105-106,BraTS-GLI-02105-102,gli-02105,gli-02105,0.9928,True,False,train,train,gli,gli
BraTS-GLI-02746-101,BraTS-GLI-02746-100,gli-02746,gli-02746,0.99257,True,False,train,train,gli,gli
BraTS-GLI-02943-101,BraTS-GLI-02943-100,gli-02943,gli-02943,0.99255,True,False,train,train,gli,gli
BraTS-GLI-02910-100,BraTS-GLI-02910-101,gli-02910,gli-02910,0.99253,True,False,train,train,gli,gli
BraTS-GLI-03023-100,BraTS-GLI-03023-101,gli-03023,gli-03023,0.99245,True,False,train,train,gli,gli
BraTS-GLI-02063-104,BraTS-GLI-02063-105,gli-02063,gli-02063,0.99243,True,False,train,train,gli,gli
BraTS-GLI-02903-100,BraTS-GLI-02903-101,gli-02903,gli-02903,0.9924,True,False,train,train,gli,gli
BraTS-GLI-02833-100,BraTS-GLI-02833-101,gli-02833,gli-02833,0.99235,True,False,train,train,gli,gli
BraTS-GLI-03024-101,BraTS-GLI-03024-100,gli-03024,gli-03024,0.99233,True,False,train,train,gli,gli
BraTS-GLI-03030-101,BraTS-GLI-03030-100,gli-03030,gli-03030,0.99232,True,False,train,train,gli,gli
BraTS-GLI-02933-100,BraTS-GLI-02933-101,gli-02933,gli-02933,0.99225,True,False,train,train,gli,gli
BraTS-GLI-02766-101,BraTS-GLI-02766-100,gli-02766,gli-02766,0.99224,True,False,train,train,gli,gli
BraTS-GLI-02832-101,BraTS-GLI-02832-100,gli-02832,gli-02832,0.99213,True,False,train,train,gli,gli
BraTS-GLI-02925-101,BraTS-GLI-02925-100,gli-02925,gli-02925,0.99199,True,False,train,train,gli,gli
BraTS-GLI-03014-101,BraTS-GLI-03014-100,gli-03014,gli-03014,0.99197,True,False,train,train,gli,gli
BraTS-GLI-02992-100,BraTS-GLI-02992-101,gli-02992,gli-02992,0.99196,True,False,train,train,gli,gli
BraTS-GLI-02852-101,BraTS-GLI-02852-100,gli-02852,gli-02852,0.99189,True,False,train,train,gli,gli
BraTS-GLI-03025-100,BraTS-GLI-03025-101,gli-03025,gli-03025,0.99185,True,False,train,train,gli,gli
BraTS-GLI-02923-100,BraTS-GLI-02923-101,gli-02923,gli-02923,0.99178,True,False,train,train,gli,gli
BraTS-GLI-02931-101,BraTS-GLI-02931-100,gli-02931,gli-02931,0.99174,True,False,train,train,gli,gli
BraTS-GLI-02988-100,BraTS-GLI-02988-101,gli-02988,gli-02988,0.99169,True,False,train,train,gli,gli
BraTS-GLI-02941-100,BraTS-GLI-02941-101,gli-02941,gli-02941,0.99169,True,False,train,train,gli,gli
BraTS-GLI-02822-101,BraTS-GLI-02822-100,gli-02822,gli-02822,0.9916,True,False,train,train,gli,gli
BraTS-GLI-03026-100,BraTS-GLI-03026-101,gli-03026,gli-03026,0.9916,True,False,train,train,gli,gli
BraTS-GLI-02180-100,BraTS-GLI-02180-103,gli-02180,gli-02180,0.99159,True,False,val,val,gli,gli
BraTS-GLI-02765-100,BraTS-GLI-02765-101,gli-02765,gli-02765,0.99154,True,False,train,train,gli,gli
BraTS-GLI-00548-100,BraTS-GLI-00548-101,gli-00548,gli-00548,0.99147,True,False,train,train,gli,gli
BraTS-GLI-02800-100,BraTS-GLI-02800-101,gli-02800,gli-02800,0.99145,True,False,train,train,gli,gli
BraTS-GLI-02909-101,BraTS-GLI-02909-100,gli-02909,gli-02909,0.99143,True,False,train,train,gli,gli
BraTS-GLI-02801-100,BraTS-GLI-02801-101,gli-02801,gli-02801,0.99142,True,False,train,train,gli,gli
BraTS-GLI-02827-100,BraTS-GLI-02827-101,gli-02827,gli-02827,0.99138,True,False,train,train,gli,gli
BraTS-GLI-02786-100,BraTS-GLI-02786-101,gli-02786,gli-02786,0.99134,True,False,train,train,gli,gli
BraTS-GLI-00008-100,BraTS-GLI-00008-101,gli-00008,gli-00008,0.99132,True,False,train,train,gli,gli
BraTS-GLI-02939-101,BraTS-GLI-02939-100,gli-02939,gli-02939,0.99131,True,False,train,train,gli,gli
BraTS-GLI-02217-102,BraTS-GLI-02217-103,gli-02217,gli-02217,0.99125,True,False,train,train,gli,gli
BraTS-GLI-02587-104,BraTS-GLI-02587-105,gli-02587,gli-02587,0.99112,True,False,val,val,gli,gli
BraTS-GLI-02989-100,BraTS-GLI-02989-101,gli-02989,gli-02989,0.99097,True,False,train,train,gli,gli
BraTS-GLI-02861-100,BraTS-GLI-02861-101,gli-02861,gli-02861,0.99096,True,False,train,train,gli,gli
BraTS-GLI-00549-100,BraTS-GLI-00549-101,gli-00549,gli-00549,0.99093,True,False,train,train,gli,gli
BraTS-GLI-02858-100,BraTS-GLI-02858-101,gli-02858,gli-02858,0.99093,True,False,train,train,gli,gli
BraTS-GLI-02821-100,BraTS-GLI-02821-101,gli-02821,gli-02821,0.99088,True,False,train,train,gli,gli
BraTS-GLI-02105-107,BraTS-GLI-02105-105,gli-02105,gli-02105,0.99073,True,False,train,train,gli,gli
BraTS-GLI-00505-100,BraTS-GLI-00505-101,gli-00505,gli-00505,0.9907,True,False,train,train,gli,gli
BraTS-GLI-02839-100,BraTS-GLI-02839-101,gli-02839,gli-02839,0.99064,True,False,train,train,gli,gli
BraTS-GLI-02824-100,BraTS-GLI-02824-101,gli-02824,gli-02824,0.9906,True,False,train,train,gli,gli
BraTS-GLI-02889-101,BraTS-GLI-02889-100,gli-02889,gli-02889,0.99059,True,False,train,train,gli,gli
BraTS-GLI-02890-100,BraTS-GLI-02890-101,gli-02890,gli-02890,0.99055,True,False,train,train,gli,gli
BraTS-GLI-02180-100,BraTS-GLI-02180-104,gli-02180,gli-02180,0.99055,True,False,val,val,gli,gli
BraTS-GLI-02747-100,BraTS-GLI-02747-101,gli-02747,gli-02747,0.99049,True,False,train,train,gli,gli
BraTS-GLI-02895-101,BraTS-GLI-02895-100,gli-02895,gli-02895,0.99048,True,False,train,train,gli,gli
BraTS-GLI-02093-108,BraTS-GLI-02093-109,gli-02093,gli-02093,0.99035,True,False,train,train,gli,gli
BraTS-GLI-02092-103,BraTS-GLI-02092-104,gli-02092,gli-02092,0.99034,True,False,train,train,gli,gli
BraTS-GLI-02884-100,BraTS-GLI-02884-101,gli-02884,gli-02884,0.99032,True,False,train,train,gli,gli
BraTS-GLI-02973-100,BraTS-GLI-02973-101,gli-02973,gli-02973,0.99027,True,False,train,train,gli,gli
BraTS-GLI-02236-101,BraTS-GLI-02236-102,gli-02236,gli-02236,0.99022,True,False,train,train,gli,gli
BraTS-GLI-02105-101,BraTS-GLI-02105-105,gli-02105,gli-02105,0.99022,True,False,train,train,gli,gli
BraTS-GLI-02891-100,BraTS-GLI-02891-101,gli-02891,gli-02891,0.9902,True,False,train,train,gli,gli
BraTS-GLI-02212-103,BraTS-GLI-02212-104,gli-02212,gli-02212,0.99014,True,False,val,val,gli,gli
BraTS-GLI-02129-104,BraTS-GLI-02129-102,gli-02129,gli-02129,0.99013,True,False,train,train,gli,gli
BraTS-GLI-02758-100,BraTS-GLI-02758-101,gli-02758,gli-02758,0.99011,True,False,train,train,gli,gli
BraTS-GLI-02743-101,BraTS-GLI-02743-100,gli-02743,gli-02743,0.9901,True,False,train,train,gli,gli
BraTS-GLI-02794-100,BraTS-GLI-02794-101,gli-02794,gli-02794,0.99007,True,False,train,train,gli,gli
BraTS-GLI-00533-100,BraTS-GLI-00533-101,gli-00533,gli-00533,0.99004,True,False,train,train,gli,gli
